"Sample","Substrate","Density","Culture","Day","Weight","D_matter","D_weight","Weight_Indv","Respiration"
"M-0.5-R01-D1","Bran/grass",0.5,1,1,1.0943,0.2204,0.24118372,24.118372,0.363658707779048
"M-0.5-R02-D1","Bran/grass",0.5,2,1,1.0764,0.2204,0.23723856,23.723856,0.369119526322831
"M-0.5-R03-D1","Bran/grass",0.5,3,1,1.0693,0.2204,0.23567372,23.567372,0.263239458007967
"M-0.5-R04-D1","Bran/grass",0.5,4,1,1.0851,0.2204,0.23915604,23.915604,0.362253311933497
"M-0.5-R05-D1","Bran/grass",0.5,5,1,1.0925,0.2204,0.240787,24.0787,0.376283069230532
"M-0.5-R06-D1","Bran/grass",0.5,6,1,1.0877,0.2204,0.23972908,23.972908,0.424166789921501
"M-0.5-R07-D1","Bran/grass",0.5,7,1,1.0869,0.2204,0.23955276,23.955276,0.388271285945042
"M-0.5-R08-D1","Bran/grass",0.5,8,1,1.0801,0.2204,0.23805404,23.805404,0.365720992211694
"M-0.5-R09-D1","Bran/grass",0.5,9,1,1.0985,0.2204,0.2421094,24.21094,0.523984468039136
"M-0.5-R10-D1","Bran/grass",0.5,10,1,1.101,0.2204,0.2426604,24.26604,0.458964598495838
"B-0.5-R01-D1","Brewery",0.5,1,1,1.0387,0.2169,0.22529403,22.529403,0.200681192012097
"B-0.5-R02-D1","Brewery",0.5,2,1,1.0392,0.2169,0.22540248,22.540248,0.216721374116484
"B-0.5-R03-D1","Brewery",0.5,3,1,1.0322,0.2169,0.22388418,22.388418,0.161859076514702
"B-0.5-R04-D1","Brewery",0.5,4,1,1.0364,0.2169,0.22479516,22.479516,0.146907946541565
"B-0.5-R05-D1","Brewery",0.5,5,1,1.0389,0.2169,0.22533741,22.533741,0.20019889749684
"B-0.5-R06-D1","Brewery",0.5,6,1,1.0291,0.2169,0.22321179,22.321179,0.163484011440676
"B-0.5-R07-D1","Brewery",0.5,7,1,1.0499,0.2169,0.22772331,22.772331,0.267784089838165
"B-0.5-R08-D1","Brewery",0.5,8,1,1.0407,0.2169,0.22572783,22.572783,0.224901365680005
"B-0.5-R09-D1","Brewery",0.5,9,1,1.0275,0.2169,0.22286475,22.286475,0.184978097472149
"B-0.5-R10-D1","Brewery",0.5,10,1,1.0483,0.2169,0.22737627,22.737627,0.295980168112186
"S-0.5-R01-D1","Sludge",0.5,1,1,1.0122,0.217,0.2196474,21.96474,0.0607328071854027
"S-0.5-R02-D1","Sludge",0.5,2,1,1.0115,0.217,0.2194955,21.94955,0.0781334401267448
"S-0.5-R03-D1","Sludge",0.5,3,1,1.0245,0.217,0.2223165,22.23165,0.0911398341512724
"S-0.5-R04-D1","Sludge",0.5,4,1,1.0218,0.217,0.2217306,22.17306,0.115650421720832
"S-0.5-R05-D1","Sludge",0.5,5,1,1.0208,0.217,0.2215136,22.15136,0.0957985571571021
"S-0.5-R06-D1","Sludge",0.5,6,1,1.0168,0.217,0.2206456,22.06456,0.0815821052090101
"S-0.5-R07-D1","Sludge",0.5,7,1,1.0116,0.217,0.2195172,21.95172,0.0731843032192453
"S-0.5-R08-D1","Sludge",0.5,8,1,1.0199,0.217,0.2213183,22.13183,0.104104740475536
"S-0.5-R09-D1","Sludge",0.5,9,1,1.0133,0.217,0.2198861,21.98861,0.0560688982170313
"S-0.5-R10-D1","Sludge",0.5,10,1,1.0212,0.217,0.2216004,22.16004,0.106547328827031
"M-1.5-R01-D1","Bran/grass",1.5,1,1,1.0852,0.2306,0.25024712,25.024712,0.34224759714808
"M-1.5-R02-D1","Bran/grass",1.5,2,1,1.094,0.2306,0.2522764,25.22764,0.44158298075044
"M-1.5-R03-D1","Bran/grass",1.5,3,1,1.1038,0.2306,0.25453628,25.453628,0.445973762358911
"M-1.5-R04-D1","Bran/grass",1.5,4,1,1.0669,0.2306,0.24602714,24.602714,0.290610968239759
"M-1.5-R05-D1","Bran/grass",1.5,5,1,1.1053,0.2306,0.25488218,25.488218,0.386755256232173
"M-1.5-R06-D1","Bran/grass",1.5,6,1,1.1606,0.2306,0.26763436,26.763436,0.665085865201609
"M-1.5-R07-D1","Bran/grass",1.5,7,1,1.0819,0.2306,0.24948614,24.948614,0.353746604730596
"M-1.5-R08-D1","Bran/grass",1.5,8,1,1.1094,0.2306,0.25582764,25.582764,0.412906336615341
"M-1.5-R09-D1","Bran/grass",1.5,9,1,1.0908,0.2306,0.25153848,25.153848,0.350591810858358
"M-1.5-R10-D1","Bran/grass",1.5,10,1,1.0966,0.2306,0.25287596,25.287596,0.459030287354529
"B-1.5-R01-D1","Brewery",1.5,1,1,1.0867,0.2273,0.24700691,24.700691,0.473684088809344
"B-1.5-R02-D1","Brewery",1.5,2,1,1.0809,0.2273,0.24568857,24.568857,0.527621556426652
"B-1.5-R03-D1","Brewery",1.5,3,1,1.0568,0.2273,0.24021064,24.021064,0.330487562784868
"B-1.5-R04-D1","Brewery",1.5,4,1,1.0945,0.2273,0.24877985,24.877985,0.502815368992876
"B-1.5-R05-D1","Brewery",1.5,5,1,1.0708,0.2273,0.24339284,24.339284,0.396605127730287
"B-1.5-R06-D1","Brewery",1.5,6,1,1.0837,0.2273,0.24632501,24.632501,0.454072507176139
"B-1.5-R07-D1","Brewery",1.5,7,1,1.0683,0.2273,0.24282459,24.282459,0.392274849017978
"B-1.5-R08-D1","Brewery",1.5,8,1,1.095,0.2273,0.2488935,24.88935,0.491871259401025
"B-1.5-R09-D1","Brewery",1.5,9,1,1.1428,0.2273,0.25975844,25.975844,0.862567318332841
"B-1.5-R10-D1","Brewery",1.5,10,1,1.0506,0.2273,0.23880138,23.880138,0.268978589874184
"S-1.5-R01-D1","Sludge",1.5,1,1,1.04,0.2136,0.222144,22.2144,0.163499569328265
"S-1.5-R02-D1","Sludge",1.5,2,1,1.0465,0.2136,0.2235324,22.35324,0.217176010164942
"S-1.5-R03-D1","Sludge",1.5,3,1,1.04,0.2136,0.222144,22.2144,0.156083642910776
"S-1.5-R04-D1","Sludge",1.5,4,1,1.0565,0.2136,0.2256684,22.56684,0.200618960461731
"S-1.5-R05-D1","Sludge",1.5,5,1,1.057,0.2136,0.2257752,22.57752,0.223573759272426
"S-1.5-R06-D1","Sludge",1.5,6,1,1.0419,0.2136,0.22254984,22.254984,0.217884758377307
"S-1.5-R07-D1","Sludge",1.5,7,1,1.0239,0.2136,0.21870504,21.870504,0.112341777626877
"S-1.5-R08-D1","Sludge",1.5,8,1,1.0355,0.2136,0.2211828,22.11828,0.19897846764818
"S-1.5-R09-D1","Sludge",1.5,9,1,1.0556,0.2136,0.22547616,22.547616,0.255877119869961
"S-1.5-R10-D1","Sludge",1.5,10,1,1.0598,0.2136,0.22637328,22.637328,0.227776117575644
"M-0.5-R01-D2","Bran/grass",0.5,1,2,1.2961,0.2272,0.29447392,29.447392,1.17453836352974
"M-0.5-R02-D2","Bran/grass",0.5,2,2,1.1402,0.2272,0.25905344,25.905344,0.735341074724528
"M-0.5-R03-D2","Bran/grass",0.5,3,2,1.2167,0.2272,0.27643424,27.643424,1.18802249081762
"M-0.5-R04-D2","Bran/grass",0.5,4,2,1.2673,0.2272,0.28793056,28.793056,1.2015118812309
"M-0.5-R05-D2","Bran/grass",0.5,5,2,1.3356,0.2272,0.30344832,30.344832,1.65400557918454
"M-0.5-R06-D2","Bran/grass",0.5,6,2,1.2502,0.2272,0.28404544,28.404544,1.18604706441557
"M-0.5-R07-D2","Bran/grass",0.5,7,2,1.2368,0.2272,0.28100096,28.100096,1.03328309515726
"M-0.5-R08-D2","Bran/grass",0.5,8,2,1.1588,0.2272,0.26327936,26.327936,0.695444829778696
"M-0.5-R09-D2","Bran/grass",0.5,9,2,1.3374,0.2272,0.30385728,30.385728,1.81346950708356
"M-0.5-R10-D2","Bran/grass",0.5,10,2,1.1274,0.2272,0.25614528,25.614528,1.90380052841137
"B-0.5-R01-D2","Brewery",0.5,1,2,1.0753,0.2272,0.24430816,24.430816,0.409923785302015
"B-0.5-R02-D2","Brewery",0.5,2,2,1.107,0.2272,0.2515104,25.15104,0.63661010525016
"B-0.5-R03-D2","Brewery",0.5,3,2,1.1036,0.2272,0.25073792,25.073792,0.585931470724406
"B-0.5-R04-D2","Brewery",0.5,4,2,1.0916,0.2272,0.24801152,24.801152,0.459804179141331
"B-0.5-R05-D2","Brewery",0.5,5,2,1.1092,0.2272,0.25201024,25.201024,0.607161164233463
"B-0.5-R06-D2","Brewery",0.5,6,2,1.1154,0.2272,0.25341888,25.341888,0.619222493286832
"B-0.5-R07-D2","Brewery",0.5,7,2,1.1557,0.2272,0.26257504,26.257504,0.772707510725642
"B-0.5-R08-D2","Brewery",0.5,8,2,1.133,0.2272,0.2574176,25.74176,0.653994208463224
"B-0.5-R09-D2","Brewery",0.5,9,2,1.0997,0.2272,0.24985184,24.985184,0.431221899441343
"B-0.5-R10-D2","Brewery",0.5,10,2,1.1392,0.2272,0.25882624,25.882624,0.813310768850895
"S-0.5-R01-D2","Sludge",0.5,1,2,1.0373,0.2204,0.22862092,22.862092,0.03553662273527
"S-0.5-R02-D2","Sludge",0.5,2,2,1.0377,0.2204,0.22870908,22.870908,0.228061750054014
"S-0.5-R03-D2","Sludge",0.5,3,2,1.0427,0.2204,0.22981108,22.981108,0.233652943609371
"S-0.5-R04-D2","Sludge",0.5,4,2,1.0635,0.2204,0.2343954,23.43954,0.300640249390412
"S-0.5-R05-D2","Sludge",0.5,5,2,1.0622,0.2204,0.23410888,23.410888,0.294596427050217
"S-0.5-R06-D2","Sludge",0.5,6,2,1.0455,0.2204,0.2304282,23.04282,0.230972258403035
"S-0.5-R07-D2","Sludge",0.5,7,2,1.0428,0.2204,0.22983312,22.983312,0.215500424087161
"S-0.5-R08-D2","Sludge",0.5,8,2,1.0507,0.2204,0.23157428,23.157428,0.211925007561964
"S-0.5-R09-D2","Sludge",0.5,9,2,1.0496,0.2204,0.23133184,23.133184,0.260203656902991
"S-0.5-R10-D2","Sludge",0.5,10,2,1.0677,0.2204,0.23532108,23.532108,0.32882253155961
"M-1.5-R01-D2","Bran/grass",1.5,1,2,1.3526,0.231,0.3124506,31.24506,1.9008391431834
"M-1.5-R02-D2","Bran/grass",1.5,2,2,1.2498,0.231,0.2887038,28.87038,1.59945328436063
"M-1.5-R03-D2","Bran/grass",1.5,3,2,1.2453,0.231,0.2876643,28.76643,1.62506365258182
"M-1.5-R04-D2","Bran/grass",1.5,4,2,1.2348,0.231,0.2852388,28.52388,1.74161381030283
"M-1.5-R05-D2","Bran/grass",1.5,5,2,1.3307,0.231,0.3073917,30.73917,2.25228785085959
"M-1.5-R06-D2","Bran/grass",1.5,6,2,1.4039,0.231,0.3243009,32.43009,1.84800789036706
"M-1.5-R07-D2","Bran/grass",1.5,7,2,1.3577,0.231,0.3136287,31.36287,1.49411533812771
"M-1.5-R08-D2","Bran/grass",1.5,8,2,1.3484,0.231,0.3114804,31.14804,2.17586726997754
"M-1.5-R09-D2","Bran/grass",1.5,9,2,1.2992,0.231,0.3001152,30.01152,2.01485422883412
"M-1.5-R10-D2","Bran/grass",1.5,10,2,1.4687,0.231,0.3392697,33.92697,2.38164670144138
"B-1.5-R01-D2","Brewery",1.5,1,2,1.2605,0.2334,0.2942007,29.42007,1.1487701015463
"B-1.5-R02-D2","Brewery",1.5,2,2,1.2795,0.2334,0.2986353,29.86353,1.01340953362759
"B-1.5-R03-D2","Brewery",1.5,3,2,1.265,0.2334,0.295251,29.5251,1.48325575604182
"B-1.5-R04-D2","Brewery",1.5,4,2,1.3044,0.2334,0.30444696,30.444696,1.32108131855915
"B-1.5-R05-D2","Brewery",1.5,5,2,1.278,0.2334,0.2982852,29.82852,1.45233313991174
"B-1.5-R06-D2","Brewery",1.5,6,2,1.288,0.2334,0.3006192,30.06192,1.05073386462549
"B-1.5-R07-D2","Brewery",1.5,7,2,1.2951,0.2334,0.30227634,30.227634,1.11350891570723
"B-1.5-R08-D2","Brewery",1.5,8,2,1.2944,0.2334,0.30211296,30.211296,1.14283505046453
"B-1.5-R09-D2","Brewery",1.5,9,2,1.3147,0.2334,0.30685098,30.685098,1.55984651131215
"B-1.5-R10-D2","Brewery",1.5,10,2,1.3315,0.2334,0.3107721,31.07721,1.38221778326486
"S-1.5-R01-D2","Sludge",1.5,1,2,1.059,0.2167,0.2294853,22.94853,0.297603426031679
"S-1.5-R02-D2","Sludge",1.5,2,2,1.0989,0.2167,0.23813163,23.813163,0.557003579122796
"S-1.5-R03-D2","Sludge",1.5,3,2,1.0673,0.2167,0.23128391,23.128391,0.248923024784723
"S-1.5-R04-D2","Sludge",1.5,4,2,1.1262,0.2167,0.24404754,24.404754,0.567054394271418
"S-1.5-R05-D2","Sludge",1.5,5,2,1.1275,0.2167,0.24432925,24.432925,0.566112294823925
"S-1.5-R06-D2","Sludge",1.5,6,2,1.0865,0.2167,0.23544455,23.544455,0.393160730886763
"S-1.5-R07-D2","Sludge",1.5,7,2,1.0491,0.2167,0.22733997,22.733997,0.208414502916752
"S-1.5-R08-D2","Sludge",1.5,8,2,1.0583,0.2167,0.22933361,22.933361,0.312885787832949
"S-1.5-R09-D2","Sludge",1.5,9,2,1.163,0.2167,0.2520221,25.20221,0.677034417111697
"S-1.5-R10-D2","Sludge",1.5,10,2,1.12,0.2167,0.242704,24.2704,0.570926300194439
"M-0.5-R01-D3","Bran/grass",0.5,1,3,1.6518,0.234,0.3865212,38.65212,2.95077998580203
"M-0.5-R02-D3","Bran/grass",0.5,2,3,1.4278,0.234,0.3341052,33.41052,2.14818348591006
"M-0.5-R03-D3","Bran/grass",0.5,3,3,1.5717,0.234,0.3677778,36.77778,2.50148279350186
"M-0.5-R04-D3","Bran/grass",0.5,4,3,1.4857,0.234,0.3476538,34.76538,2.03682522670453
"M-0.5-R05-D3","Bran/grass",0.5,5,3,1.5994,0.234,0.3742596,37.42596,2.58620012469521
"M-0.5-R06-D3","Bran/grass",0.5,6,3,1.5037,0.234,0.3518658,35.18658,1.76737880593022
"M-0.5-R07-D3","Bran/grass",0.5,7,3,1.5729,0.234,0.3680586,36.80586,2.0852002469212
"M-0.5-R08-D3","Bran/grass",0.5,8,3,1.5047,0.234,0.3520998,35.20998,2.12682903628712
"M-0.5-R09-D3","Bran/grass",0.5,9,3,1.7011,0.234,0.3980574,39.80574,2.46694601273702
"M-0.5-R10-D3","Bran/grass",0.5,10,3,1.5773,0.234,0.3690882,36.90882,2.23891984526271
"B-0.5-R01-D3","Brewery",0.5,1,3,1.2057,0.2375,0.28635375,28.635375,1.11523305698736
"B-0.5-R02-D3","Brewery",0.5,2,3,1.2794,0.2375,0.3038575,30.38575,1.04315265491734
"B-0.5-R03-D3","Brewery",0.5,3,3,1.274,0.2375,0.302575,30.2575,1.04942477813102
"B-0.5-R04-D3","Brewery",0.5,4,3,1.2211,0.2375,0.29001125,29.001125,1.00946427729251
"B-0.5-R05-D3","Brewery",0.5,5,3,1.3581,0.2375,0.32254875,32.254875,1.77888928382562
"B-0.5-R06-D3","Brewery",0.5,6,3,1.2753,0.2375,0.30288375,30.288375,1.38501456135478
"B-0.5-R07-D3","Brewery",0.5,7,3,1.4106,0.2375,0.3350175,33.50175,1.62427494099612
"B-0.5-R08-D3","Brewery",0.5,8,3,1.3066,0.2375,0.3103175,31.03175,1.38725498729385
"B-0.5-R09-D3","Brewery",0.5,9,3,1.2234,0.2375,0.2905575,29.05575,1.07804056051113
"B-0.5-R10-D3","Brewery",0.5,10,3,1.3102,0.2375,0.3111725,31.11725,1.434004495612
"S-0.5-R01-D3","Sludge",0.5,1,3,1.0616,0.2238,0.23758608,23.758608,0.338578800168725
"S-0.5-R02-D3","Sludge",0.5,2,3,1.0545,0.2238,0.2359971,23.59971,0.288899092770353
"S-0.5-R03-D3","Sludge",0.5,3,3,1.1377,0.2238,0.25461726,25.461726,0.854306314803951
"S-0.5-R04-D3","Sludge",0.5,4,3,1.1612,0.2238,0.25987656,25.987656,0.950894160519351
"S-0.5-R05-D3","Sludge",0.5,5,3,1.128,0.2238,0.2524464,25.24464,0.755178606747142
"S-0.5-R06-D3","Sludge",0.5,6,3,1.0917,0.2238,0.24432246,24.432246,0.554946553905988
"S-0.5-R07-D3","Sludge",0.5,7,3,1.0884,0.2238,0.24358392,24.358392,0.468480728006011
"S-0.5-R08-D3","Sludge",0.5,8,3,1.132,0.2238,0.2533416,25.33416,0.655473414200033
"S-0.5-R09-D3","Sludge",0.5,9,3,1.1314,0.2238,0.25320732,25.320732,0.645287229441213
"S-0.5-R10-D3","Sludge",0.5,10,3,1.1746,0.2238,0.26287548,26.287548,0.827373079827586
"M-1.5-R01-D3","Bran/grass",1.5,1,3,1.7117,0.2314,0.39608738,39.608738,3.4260497212878
"M-1.5-R02-D3","Bran/grass",1.5,2,3,1.6042,0.2314,0.37121188,37.121188,2.90412316017985
"M-1.5-R03-D3","Bran/grass",1.5,3,3,1.6766,0.2314,0.38796524,38.796524,2.75592531168646
"M-1.5-R04-D3","Bran/grass",1.5,4,3,1.6315,0.2314,0.3775291,37.75291,2.61552350381188
"M-1.5-R05-D3","Bran/grass",1.5,5,3,1.6509,0.2314,0.38201826,38.201826,2.57599433398147
"M-1.5-R06-D3","Bran/grass",1.5,6,3,1.6557,0.2314,0.38312898,38.312898,2.26645908248208
"M-1.5-R07-D3","Bran/grass",1.5,7,3,1.6562,0.2314,0.38324468,38.324468,3.54988984433682
"M-1.5-R08-D3","Bran/grass",1.5,8,3,1.7666,0.2314,0.40879124,40.879124,3.06745858822806
"M-1.5-R09-D3","Bran/grass",1.5,9,3,1.6652,0.2314,0.38532728,38.532728,2.85622759467872
"M-1.5-R10-D3","Bran/grass",1.5,10,3,1.6909,0.2314,0.39127426,39.127426,2.8875026574895
"B-1.5-R01-D3","Brewery",1.5,1,3,1.4373,0.2395,0.34423335,34.423335,1.74754827371208
"B-1.5-R02-D3","Brewery",1.5,2,3,1.476,0.2395,0.353502,35.3502,2.09221204934312
"B-1.5-R03-D3","Brewery",1.5,3,3,1.436,0.2395,0.343922,34.3922,1.88858281922278
"B-1.5-R04-D3","Brewery",1.5,4,3,1.7176,0.2395,0.4113652,41.13652,3.55729198349749
"B-1.5-R05-D3","Brewery",1.5,5,3,1.371,0.2395,0.3283545,32.83545,1.24359680854342
"B-1.5-R06-D3","Brewery",1.5,6,3,1.4188,0.2395,0.3398026,33.98026,2.03734032861098
"B-1.5-R07-D3","Brewery",1.5,7,3,1.7037,0.2395,0.40803615,40.803615,3.5928019325699
"B-1.5-R08-D3","Brewery",1.5,8,3,1.4843,0.2395,0.35548985,35.548985,2.32860283012854
"B-1.5-R09-D3","Brewery",1.5,9,3,1.6727,0.2395,0.40061165,40.061165,2.77356354167309
"B-1.5-R10-D3","Brewery",1.5,10,3,1.4896,0.2395,0.3567592,35.67592,1.86832808543464
"S-1.5-R01-D3","Sludge",1.5,1,3,1.2256,0.2198,0.26938688,26.938688,1.15950865026701
"S-1.5-R02-D3","Sludge",1.5,2,3,1.313,0.2198,0.2885974,28.85974,1.31754334104959
"S-1.5-R03-D3","Sludge",1.5,3,3,1.2542,0.2198,0.27567316,27.567316,1.36660991676699
"S-1.5-R04-D3","Sludge",1.5,4,3,1.3747,0.2198,0.30215906,30.215906,1.55928298280815
"S-1.5-R05-D3","Sludge",1.5,5,3,1.2992,0.2198,0.28556416,28.556416,1.09257035546359
"S-1.5-R06-D3","Sludge",1.5,6,3,1.29,0.2198,0.283542,28.3542,1.40133562764293
"S-1.5-R07-D3","Sludge",1.5,7,3,1.1745,0.2198,0.2581551,25.81551,0.984065653878185
"S-1.5-R08-D3","Sludge",1.5,8,3,1.1934,0.2198,0.26230932,26.230932,0.880330546416056
"S-1.5-R09-D3","Sludge",1.5,9,3,1.3931,0.2198,0.30620338,30.620338,1.30921972200793
"S-1.5-R10-D3","Sludge",1.5,10,3,1.3472,0.2198,0.29611456,29.611456,1.53503932837446
"M-0.5-R01-D4","Bran/grass",0.5,1,4,2.0596,0.2408,0.49595168,49.595168,3.07860926695268
"M-0.5-R02-D4","Bran/grass",0.5,2,4,1.5627,0.2408,0.37629816,37.629816,0.920654673292386
"M-0.5-R03-D4","Bran/grass",0.5,3,4,1.7645,0.2408,0.4248916,42.48916,2.46208324207537
"M-0.5-R04-D4","Bran/grass",0.5,4,4,1.8695,0.2408,0.4501756,45.01756,2.79006825148924
"M-0.5-R05-D4","Bran/grass",0.5,5,4,1.8885,0.2408,0.4547508,45.47508,3.83857856353591
"M-0.5-R06-D4","Bran/grass",0.5,6,4,1.8052,0.2408,0.43469216,43.469216,2.36507233803512
"M-0.5-R07-D4","Bran/grass",0.5,7,4,1.7685,0.2408,0.4258548,42.58548,2.61965763017377
"M-0.5-R08-D4","Bran/grass",0.5,8,4,1.8078,0.2408,0.43531824,43.531824,3.26458572795457
"M-0.5-R09-D4","Bran/grass",0.5,9,4,2.1617,0.2408,0.52053736,52.053736,5.19888875335659
"M-0.5-R10-D4","Bran/grass",0.5,10,4,2.1331,0.2408,0.51365048,51.365048,5.48349790055251
"B-0.5-R01-D4","Brewery",0.5,1,4,1.4195,0.2478,0.3517521,35.17521,2.09318500941387
"B-0.5-R02-D4","Brewery",0.5,2,4,1.396,0.2478,0.3459288,34.59288,1.2908532374456
"B-0.5-R03-D4","Brewery",0.5,3,4,1.4577,0.2478,0.36121806,36.121806,1.65207116022099
"B-0.5-R04-D4","Brewery",0.5,4,4,1.3432,0.2478,0.33284496,33.284496,1.15856085311275
"B-0.5-R05-D4","Brewery",0.5,5,4,1.5128,0.2478,0.37487184,37.487184,1.75540755949256
"B-0.5-R06-D4","Brewery",0.5,6,4,1.4569,0.2478,0.36101982,36.101982,1.75299213926354
"B-0.5-R07-D4","Brewery",0.5,7,4,1.6398,0.2478,0.40634244,40.634244,2.05775824068641
"B-0.5-R08-D4","Brewery",0.5,8,4,1.5862,0.2478,0.39306036,39.306036,1.4545152109633
"B-0.5-R09-D4","Brewery",0.5,9,4,1.5015,0.2478,0.3720717,37.20717,1.25155271582458
"B-0.5-R10-D4","Brewery",0.5,10,4,1.6133,0.2478,0.39977574,39.977574,2.36590593042995
"S-0.5-R01-D4","Sludge",0.5,1,4,1.2411,0.2272,0.28197792,28.197792,0.834751070094756
"S-0.5-R02-D4","Sludge",0.5,2,4,1.2442,0.2272,0.28268224,28.268224,1.0918425877342
"S-0.5-R03-D4","Sludge",0.5,3,4,1.3564,0.2272,0.30817408,30.817408,1.22285280162969
"S-0.5-R04-D4","Sludge",0.5,4,4,1.3527,0.2272,0.30733344,30.733344,1.11945283866785
"S-0.5-R05-D4","Sludge",0.5,5,4,1.3767,0.2272,0.31278624,31.278624,0.98850255625173
"S-0.5-R06-D4","Sludge",0.5,6,4,1.3063,0.2272,0.29679136,29.679136,1.34403425290904
"S-0.5-R07-D4","Sludge",0.5,7,4,1.2379,0.2272,0.28125088,28.125088,0.761269628074954
"S-0.5-R08-D4","Sludge",0.5,8,4,1.3854,0.2272,0.31476288,31.476288,1.4217472205932
"S-0.5-R09-D4","Sludge",0.5,9,4,1.3374,0.2272,0.30385728,30.385728,1.23324274082534
"S-0.5-R10-D4","Sludge",0.5,10,4,1.3511,0.2272,0.30696992,30.696992,1.05224240871635
"M-1.5-R01-D4","Bran/grass",1.5,1,4,2.173,0.2318,0.5037014,50.37014,4.82523595666533
"M-1.5-R02-D4","Bran/grass",1.5,2,4,1.8893,0.2318,0.43793974,43.793974,2.36466371431228
"M-1.5-R03-D4","Bran/grass",1.5,3,4,1.8666,0.2318,0.43267788,43.267788,3.08187462452545
"M-1.5-R04-D4","Bran/grass",1.5,4,4,1.7754,0.2318,0.41153772,41.153772,2.56308594586257
"M-1.5-R05-D4","Bran/grass",1.5,5,4,1.8278,0.2318,0.42368404,42.368404,3.29844701379672
"M-1.5-R06-D4","Bran/grass",1.5,6,4,1.8586,0.2318,0.43082348,43.082348,1.86868531991737
"M-1.5-R07-D4","Bran/grass",1.5,7,4,1.9599,0.2318,0.45430482,45.430482,4.15700722614893
"M-1.5-R08-D4","Bran/grass",1.5,8,4,1.9554,0.2318,0.45326172,45.326172,2.83569971665802
"M-1.5-R09-D4","Bran/grass",1.5,9,4,1.8938,0.2318,0.43898284,43.898284,3.02703005648319
"M-1.5-R10-D4","Bran/grass",1.5,10,4,2.0449,0.2318,0.47400782,47.400782,2.84681428192242
"B-1.5-R01-D4","Brewery",1.5,1,4,1.9779,0.2456,0.48577224,48.577224,3.55628676687537
"B-1.5-R02-D4","Brewery",1.5,2,4,1.9744,0.2456,0.48491264,48.491264,4.01436667304561
"B-1.5-R03-D4","Brewery",1.5,3,4,1.8647,0.2456,0.45797032,45.797032,3.56419953825722
"B-1.5-R04-D4","Brewery",1.5,4,4,2.108,0.2456,0.5177248,51.77248,4.33078672304716
"B-1.5-R05-D4","Brewery",1.5,5,4,1.8435,0.2456,0.4527636,45.27636,4.22867437883877
"B-1.5-R06-D4","Brewery",1.5,6,4,1.9769,0.2456,0.48552664,48.552664,4.42312115559114
"B-1.5-R07-D4","Brewery",1.5,7,4,1.942,0.2456,0.4769552,47.69552,4.1025004537179
"B-1.5-R08-D4","Brewery",1.5,8,4,2.078,0.2456,0.5103568,51.03568,4.12041633383757
"B-1.5-R09-D4","Brewery",1.5,9,4,2.1017,0.2456,0.51617752,51.617752,4.72684481249425
"B-1.5-R10-D4","Brewery",1.5,10,4,1.937,0.2456,0.4757272,47.57272,3.97473562023508
"S-1.5-R01-D4","Sludge",1.5,1,4,1.3934,0.2229,0.31058886,31.058886,1.83522902558724
"S-1.5-R02-D4","Sludge",1.5,2,4,1.5092,0.2229,0.33640068,33.640068,1.9780784308158
"S-1.5-R03-D4","Sludge",1.5,3,4,1.402,0.2229,0.3125058,31.25058,1.06959892836196
"S-1.5-R04-D4","Sludge",1.5,4,4,1.5444,0.2229,0.34424676,34.424676,1.40010469212022
"S-1.5-R05-D4","Sludge",1.5,5,4,1.4044,0.2229,0.31304076,31.304076,1.18562808852121
"S-1.5-R06-D4","Sludge",1.5,6,4,1.4285,0.2229,0.31841265,31.841265,1.45142964782868
"S-1.5-R07-D4","Sludge",1.5,7,4,1.3755,0.2229,0.30659895,30.659895,1.0563449908948
"S-1.5-R08-D4","Sludge",1.5,8,4,1.3852,0.2229,0.30876108,30.876108,1.38240492854721
"S-1.5-R09-D4","Sludge",1.5,9,4,1.5053,0.2229,0.33553137,33.553137,1.18647439365407
"S-1.5-R10-D4","Sludge",1.5,10,4,1.4985,0.2229,0.33401565,33.401565,1.49747336893113
"M-0.5-R01-D5","Bran/grass",0.5,1,5,2.3959,0.2476,0.59322484,59.322484,3.80073987345288
"M-0.5-R02-D5","Bran/grass",0.5,2,5,2.1526,0.2476,0.53298376,53.298376,4.86176840458038
"M-0.5-R03-D5","Bran/grass",0.5,3,5,2.3107,0.2476,0.57212932,57.212932,4.37609240902497
"M-0.5-R04-D5","Bran/grass",0.5,4,5,2.3431,0.2476,0.58015156,58.015156,4.68344536744961
"M-0.5-R05-D5","Bran/grass",0.5,5,5,2.3078,0.2476,0.57141128,57.141128,3.85762731257137
"M-0.5-R06-D5","Bran/grass",0.5,6,5,2.2121,0.2476,0.54771596,54.771596,3.84370558288837
"M-0.5-R07-D5","Bran/grass",0.5,7,5,2.2123,0.2476,0.54776548,54.776548,3.89205479181456
"M-0.5-R08-D5","Bran/grass",0.5,8,5,2.2781,0.2476,0.56405756,56.405756,4.62061633939319
"M-0.5-R09-D5","Bran/grass",0.5,9,5,2.4323,0.2476,0.60223748,60.223748,4.09240351986172
"M-0.5-R10-D5","Bran/grass",0.5,10,5,2.4468,0.2476,0.60582768,60.582768,5.13209903700732
"B-0.5-R01-D5","Brewery",0.5,1,5,1.5758,0.2581,0.40671398,40.671398,2.11411640050619
"B-0.5-R02-D5","Brewery",0.5,2,5,1.9335,0.2581,0.49903635,49.903635,3.12173164418657
"B-0.5-R03-D5","Brewery",0.5,3,5,1.9768,0.2581,0.51021208,51.021208,3.55141206703914
"B-0.5-R04-D5","Brewery",0.5,4,5,1.6798,0.2581,0.43355638,43.355638,2.77444568103953
"B-0.5-R05-D5","Brewery",0.5,5,5,2.15,0.2581,0.554915,55.4915,2.56200561313618
"B-0.5-R06-D5","Brewery",0.5,6,5,1.823,0.2581,0.4705163,47.05163,3.19238469150281
"B-0.5-R07-D5","Brewery",0.5,7,5,2.1679,0.2581,0.55953499,55.953499,3.30136287169353
"B-0.5-R08-D5","Brewery",0.5,8,5,2.1896,0.2581,0.56513576,56.513576,3.84202234204756
"B-0.5-R09-D5","Brewery",0.5,9,5,1.9597,0.2581,0.50579857,50.579857,3.60269707768756
"B-0.5-R10-D5","Brewery",0.5,10,5,2.1431,0.2581,0.55313411,55.313411,3.92255231642952
"S-0.5-R01-D5","Sludge",0.5,1,5,1.4139,0.2306,0.32604534,32.604534,1.41288687984197
"S-0.5-R02-D5","Sludge",0.5,2,5,1.3435,0.2306,0.3098111,30.98111,1.11313542269822
"S-0.5-R03-D5","Sludge",0.5,3,5,1.5613,0.2306,0.36003578,36.003578,1.11474688354579
"S-0.5-R04-D5","Sludge",0.5,4,5,1.6176,0.2306,0.37301856,37.301856,1.12661570542301
"S-0.5-R05-D5","Sludge",0.5,5,5,1.7156,0.2306,0.39561736,39.561736,2.022627415661
"S-0.5-R06-D5","Sludge",0.5,6,5,1.4186,0.2306,0.32712916,32.712916,1.49235630482423
"S-0.5-R07-D5","Sludge",0.5,7,5,1.331,0.2306,0.3069286,30.69286,0.744080382110559
"S-0.5-R08-D5","Sludge",0.5,8,5,1.5699,0.2306,0.36201894,36.201894,1.54853491650981
"S-0.5-R09-D5","Sludge",0.5,9,5,1.5865,0.2306,0.3658469,36.58469,1.48763318127103
"S-0.5-R10-D5","Sludge",0.5,10,5,1.7403,0.2306,0.40131318,40.131318,1.5965862384642
"M-1.5-R01-D5","Bran/grass",1.5,1,5,2.1789,0.2322,0.50594058,50.594058,2.2263605703879
"M-1.5-R02-D5","Bran/grass",1.5,2,5,1.9974,0.2322,0.46379628,46.379628,2.04368407666904
"M-1.5-R03-D5","Bran/grass",1.5,3,5,1.9554,0.2322,0.45404388,45.404388,2.01996258341313
"M-1.5-R04-D5","Bran/grass",1.5,4,5,2.0252,0.2322,0.47025144,47.025144,1.82766398160434
"M-1.5-R05-D5","Bran/grass",1.5,5,5,1.9613,0.2322,0.45541386,45.541386,1.77692090990463
"M-1.5-R06-D5","Bran/grass",1.5,6,5,1.9372,0.2322,0.44981784,44.981784,1.47885987160097
"M-1.5-R07-D5","Bran/grass",1.5,7,5,2.0898,0.2322,0.48525156,48.525156,2.08553001821046
"M-1.5-R08-D5","Bran/grass",1.5,8,5,2.0819,0.2322,0.48341718,48.341718,2.0168437427082
"M-1.5-R09-D5","Bran/grass",1.5,9,5,2.0193,0.2322,0.46888146,46.888146,2.40323903515529
"M-1.5-R10-D5","Bran/grass",1.5,10,5,2.0154,0.2322,0.46797588,46.797588,2.15530376060991
"B-1.5-R01-D5","Brewery",1.5,1,5,2.0663,0.2517,0.52008771,52.008771,2.64085414117722
"B-1.5-R02-D5","Brewery",1.5,2,5,2.1138,0.2517,0.53204346,53.204346,3.17866753480057
"B-1.5-R03-D5","Brewery",1.5,3,5,2.1372,0.2517,0.53793324,53.793324,3.17104808852119
"B-1.5-R04-D5","Brewery",1.5,4,5,2.2018,0.2517,0.55419306,55.419306,2.69891697768458
"B-1.5-R05-D5","Brewery",1.5,5,5,2.0798,0.2517,0.52348566,52.348566,3.27302771937411
"B-1.5-R06-D5","Brewery",1.5,6,5,2.0407,0.2517,0.51364419,51.364419,2.57339530355875
"B-1.5-R07-D5","Brewery",1.5,7,5,2.0677,0.2517,0.52044009,52.044009,2.13565219296881
"B-1.5-R08-D5","Brewery",1.5,8,5,2.1609,0.2517,0.54389853,54.389853,3.06037231149119
"B-1.5-R09-D5","Brewery",1.5,9,5,2.0299,0.2517,0.51092583,51.092583,2.88840718725891
"B-1.5-R10-D5","Brewery",1.5,10,5,2.1193,0.2517,0.53342781,53.342781,2.65308724651988
"S-1.5-R01-D5","Sludge",1.5,1,5,1.6442,0.226,0.3715892,37.15892,1.6597095644927
"S-1.5-R02-D5","Sludge",1.5,2,5,1.9217,0.226,0.4343042,43.43042,2.76301292262114
"S-1.5-R03-D5","Sludge",1.5,3,5,1.7275,0.226,0.390415,39.0415,2.30553749189794
"S-1.5-R04-D5","Sludge",1.5,4,5,1.9681,0.226,0.4447906,44.47906,2.11401052501624
"S-1.5-R05-D5","Sludge",1.5,5,5,1.8448,0.226,0.4169248,41.69248,1.97206738294384
"S-1.5-R06-D5","Sludge",1.5,6,5,1.8077,0.226,0.4085402,40.85402,2.12515616346197
"S-1.5-R07-D5","Sludge",1.5,7,5,1.5496,0.226,0.3502096,35.02096,1.4319857415352
"S-1.5-R08-D5","Sludge",1.5,8,5,1.6982,0.226,0.3837932,38.37932,1.40663484243342
"S-1.5-R09-D5","Sludge",1.5,9,5,1.8445,0.226,0.416857,41.6857,1.68383482021044
"S-1.5-R10-D5","Sludge",1.5,10,5,1.8824,0.226,0.4254224,42.54224,2.26777403747033
"M-0.5-R01-D6","Bran/grass",0.5,1,6,2.5128,0.2544,0.63925632,63.925632,1.87823727563608
"M-0.5-R02-D6","Bran/grass",0.5,2,6,2.3879,0.2544,0.60748176,60.748176,3.3428427683982
"M-0.5-R03-D6","Bran/grass",0.5,3,6,2.5908,0.2544,0.65909952,65.909952,4.01841005833513
"M-0.5-R04-D6","Bran/grass",0.5,4,6,2.36,0.2544,0.600384,60.0384,2.18659468255193
"M-0.5-R05-D6","Bran/grass",0.5,5,6,2.4548,0.2544,0.62450112,62.450112,2.34481801660545
"M-0.5-R06-D6","Bran/grass",0.5,6,6,2.4623,0.2544,0.62640912,62.640912,3.09965202053562
"M-0.5-R07-D6","Bran/grass",0.5,7,6,2.2754,0.2544,0.57886176,57.886176,2.92555187711554
"M-0.5-R08-D6","Bran/grass",0.5,8,6,2.4252,0.2544,0.61697088,61.697088,2.81857952735167
"M-0.5-R09-D6","Bran/grass",0.5,9,6,2.4444,0.2544,0.62185536,62.185536,2.72814272703891
"M-0.5-R10-D6","Bran/grass",0.5,10,6,2.4795,0.2544,0.6307848,63.07848,3.06900300667716
"B-0.5-R01-D6","Brewery",0.5,1,6,2.1718,0.2684,0.58291112,58.291112,4.01603993497742
"B-0.5-R02-D6","Brewery",0.5,2,6,2.2871,0.2684,0.61385764,61.385764,3.9021550047841
"B-0.5-R03-D6","Brewery",0.5,3,6,2.3427,0.2684,0.62878068,62.878068,2.69614103315946
"B-0.5-R04-D6","Brewery",0.5,4,6,2.1871,0.2684,0.58701764,58.701764,3.63996136547424
"B-0.5-R05-D6","Brewery",0.5,5,6,2.4208,0.2684,0.64974272,64.974272,3.51565727913411
"B-0.5-R06-D6","Brewery",0.5,6,6,2.0612,0.2684,0.55322608,55.322608,2.120920139922
"B-0.5-R07-D6","Brewery",0.5,7,6,2.4027,0.2684,0.64488468,64.488468,3.52788838955935
"B-0.5-R08-D6","Brewery",0.5,8,6,2.4893,0.2684,0.66812812,66.812812,3.59753213453092
"B-0.5-R09-D6","Brewery",0.5,9,6,2.3386,0.2684,0.62768024,62.768024,3.22981604411662
"B-0.5-R10-D6","Brewery",0.5,10,6,2.3106,0.2684,0.62016504,62.016504,3.19013575398419
"S-0.5-R01-D6","Sludge",0.5,1,6,1.9054,0.234,0.4458636,44.58636,2.783441694291
"S-0.5-R02-D6","Sludge",0.5,2,6,1.8071,0.234,0.4228614,42.28614,2.49173549348232
"S-0.5-R03-D6","Sludge",0.5,3,6,1.9451,0.234,0.4551534,45.51534,1.94879286438884
"S-0.5-R04-D6","Sludge",0.5,4,6,1.8948,0.234,0.4433832,44.33832,1.66808913155756
"S-0.5-R05-D6","Sludge",0.5,5,6,1.9295,0.234,0.451503,45.1503,1.80895391010013
"S-0.5-R06-D6","Sludge",0.5,6,6,1.8718,0.234,0.4380012,43.80012,2.65612047779253
"S-0.5-R07-D6","Sludge",0.5,7,6,1.5987,0.234,0.3740958,37.40958,1.40806782596174
"S-0.5-R08-D6","Sludge",0.5,8,6,1.8609,0.234,0.4354506,43.54506,1.83000174532134
"S-0.5-R09-D6","Sludge",0.5,9,6,1.9692,0.234,0.4607928,46.07928,2.75048289967797
"S-0.5-R10-D6","Sludge",0.5,10,6,1.9519,0.234,0.4567446,45.67446,2.51079872753283
"M-1.5-R01-D6","Bran/grass",1.5,1,6,2.2252,0.2326,0.51758152,51.758152,2.01534907949834
"M-1.5-R02-D6","Bran/grass",1.5,2,6,2.0697,0.2326,0.48141222,48.141222,2.28417872897312
"M-1.5-R03-D6","Bran/grass",1.5,3,6,2.0056,0.2326,0.46650256,46.650256,1.2613112626933
"M-1.5-R04-D6","Bran/grass",1.5,4,6,2.0043,0.2326,0.46620018,46.620018,1.13724854676588
"M-1.5-R05-D6","Bran/grass",1.5,5,6,2.0509,0.2326,0.47703934,47.703934,1.75502773707008
"M-1.5-R06-D6","Bran/grass",1.5,6,6,1.9817,0.2326,0.46094342,46.094342,1.65596697305479
"M-1.5-R07-D6","Bran/grass",1.5,7,6,2.2305,0.2326,0.5188143,51.88143,1.54732179223638
"M-1.5-R08-D6","Bran/grass",1.5,8,6,2.0977,0.2326,0.48792502,48.792502,1.87962012695868
"M-1.5-R09-D6","Bran/grass",1.5,9,6,2.0006,0.2326,0.46533956,46.533956,1.93909949566336
"M-1.5-R10-D6","Bran/grass",1.5,10,6,2.0483,0.2326,0.47643458,47.643458,1.48842238299541
"B-1.5-R01-D6","Brewery",1.5,1,6,2.2595,0.2578,0.5824991,58.24991,2.01044121444083
"B-1.5-R02-D6","Brewery",1.5,2,6,2.2126,0.2578,0.57040828,57.040828,1.87011281459299
"B-1.5-R03-D6","Brewery",1.5,3,6,2.1415,0.2578,0.5520787,55.20787,1.6249324370094
"B-1.5-R04-D6","Brewery",1.5,4,6,2.1985,0.2578,0.5667733,56.67733,1.57418263156261
"B-1.5-R05-D6","Brewery",1.5,5,6,2.2266,0.2578,0.57401748,57.401748,2.08250704445612
"B-1.5-R06-D6","Brewery",1.5,6,6,2.1367,0.2578,0.55084126,55.084126,2.30143838966223
"B-1.5-R07-D6","Brewery",1.5,7,6,2.1554,0.2578,0.55566212,55.566212,1.53468839779008
"B-1.5-R08-D6","Brewery",1.5,8,6,2.1377,0.2578,0.55109906,55.109906,1.50879471629783
"B-1.5-R09-D6","Brewery",1.5,9,6,2.2142,0.2578,0.57082076,57.082076,2.0265174896344
"B-1.5-R10-D6","Brewery",1.5,10,6,2.1144,0.2578,0.54509232,54.509232,1.41609339218293
"S-1.5-R01-D6","Sludge",1.5,1,6,1.9315,0.2136,0.4125684,41.25684,2.21720346800823
"S-1.5-R02-D6","Sludge",1.5,2,6,2.1225,0.2136,0.453366,45.3366,2.05243296151119
"S-1.5-R03-D6","Sludge",1.5,3,6,1.9874,0.2136,0.42450864,42.450864,1.88355412944854
"S-1.5-R04-D6","Sludge",1.5,4,6,1.992,0.2291,0.4563672,45.63672,1.57519672253252
"S-1.5-R05-D6","Sludge",1.5,5,6,1.8671,0.2291,0.42775261,42.775261,1.60785715649658
"S-1.5-R06-D6","Sludge",1.5,6,6,2.015,0.2291,0.4616365,46.16365,1.90200555655013
"S-1.5-R07-D6","Sludge",1.5,7,6,1.8357,0.2291,0.42055887,42.055887,1.60467073181274
"S-1.5-R08-D6","Sludge",1.5,8,6,1.9918,0.2291,0.45632138,45.632138,1.82188398901196
"S-1.5-R09-D6","Sludge",1.5,9,6,1.99,0.2291,0.455909,45.5909,1.46729911952016
"S-1.5-R10-D6","Sludge",1.5,10,6,1.9197,0.2291,0.43980327,43.980327,1.29336994680899
"M-0.5-R01-D7","Bran/grass",0.5,1,7,2.5493,0.2322,0.59194746,59.194746,1.62172202105003
"M-0.5-R02-D7","Bran/grass",0.5,2,7,2.4324,0.2322,0.56480328,56.480328,2.80259274792432
"M-0.5-R03-D7","Bran/grass",0.5,3,7,2.5621,0.2322,0.59491962,59.491962,1.59041364424828
"M-0.5-R04-D7","Bran/grass",0.5,4,7,2.4773,0.2612,0.64707076,64.707076,2.63680956881385
"M-0.5-R05-D7","Bran/grass",0.5,5,7,2.5068,0.2612,0.65477616,65.477616,1.81210272168894
"M-0.5-R06-D7","Bran/grass",0.5,6,7,2.5021,0.2612,0.65354852,65.354852,2.64648214821445
"M-0.5-R07-D7","Bran/grass",0.5,7,7,2.3141,0.2612,0.60444292,60.444292,1.90602606253279
"M-0.5-R08-D7","Bran/grass",0.5,8,7,2.4299,0.2612,0.63468988,63.468988,1.85198667674928
"M-0.5-R09-D7","Bran/grass",0.5,9,7,2.5595,0.2612,0.6685414,66.85414,2.03025920491374
"M-0.5-R10-D7","Bran/grass",0.5,10,7,2.5055,0.2612,0.6544366,65.44366,2.08317474613414
"B-0.5-R01-D7","Brewery",0.5,1,7,2.3654,0.2787,0.65923698,65.923698,4.11827292509028
"B-0.5-R02-D7","Brewery",0.5,2,7,2.4508,0.2787,0.68303796,68.303796,3.55596946695886
"B-0.5-R03-D7","Brewery",0.5,3,7,2.5495,0.2787,0.71054565,71.054565,4.02198199450602
"B-0.5-R04-D7","Brewery",0.5,4,7,2.3743,0.2787,0.66171741,66.171741,3.57580675514679
"B-0.5-R05-D7","Brewery",0.5,5,7,2.5487,0.2787,0.71032269,71.032269,3.37507702089574
"B-0.5-R06-D7","Brewery",0.5,6,7,2.2054,0.2787,0.61464498,61.464498,3.10102716627056
"B-0.5-R07-D7","Brewery",0.5,7,7,2.5977,0.2787,0.72397899,72.397899,2.72870533658449
"B-0.5-R08-D7","Brewery",0.5,8,7,2.6549,0.2787,0.73992063,73.992063,3.11955449550915
"B-0.5-R09-D7","Brewery",0.5,9,7,2.3425,0.2787,0.65285475,65.285475,2.84933967097753
"B-0.5-R10-D7","Brewery",0.5,10,7,2.4105,0.2787,0.67180635,67.180635,2.84618109509551
"S-0.5-R01-D7","Sludge",0.5,1,7,2.1214,0.2374,0.50362036,50.362036,3.02145610790457
"S-0.5-R02-D7","Sludge",0.5,2,7,2.0998,0.2374,0.49849252,49.849252,2.68593123985309
"S-0.5-R03-D7","Sludge",0.5,3,7,2.0081,0.2374,0.47672294,47.672294,1.83943648260748
"S-0.5-R04-D7","Sludge",0.5,4,7,2.0238,0.2374,0.48045012,48.045012,1.273890339208
"S-0.5-R05-D7","Sludge",0.5,5,7,1.9372,0.2374,0.45989128,45.989128,1.84397302077225
"S-0.5-R06-D7","Sludge",0.5,6,7,2.023,0.2374,0.4802602,48.02602,2.54024125621162
"S-0.5-R07-D7","Sludge",0.5,7,7,1.8391,0.2374,0.43660234,43.660234,1.3357518978981
"S-0.5-R08-D7","Sludge",0.5,8,7,2.01,0.2374,0.477174,47.7174,1.69634315256644
"S-0.5-R09-D7","Sludge",0.5,9,7,2.0756,0.2374,0.49274744,49.274744,1.9525779233927
"S-0.5-R10-D7","Sludge",0.5,10,7,1.9983,0.2374,0.47439642,47.439642,1.96684430692301
"M-1.5-R01-D7","Bran/grass",1.5,1,7,2.1582,0.233,0.5028606,50.28606,1.5964909947838
"M-1.5-R02-D7","Bran/grass",1.5,2,7,2.091,0.233,0.487203,48.7203,1.74991725238434
"M-1.5-R03-D7","Bran/grass",1.5,3,7,1.9876,0.233,0.4631108,46.31108,1.16485594185003
"M-1.5-R05-D7","Bran/grass",1.5,5,7,2.0142,0.233,0.4693086,46.93086,1.47334590573784
"M-1.5-R06-D7","Bran/grass",1.5,6,7,1.8847,0.233,0.4391351,43.91351,1.36261321460539
"M-1.5-R07-D7","Bran/grass",1.5,7,7,2.2521,0.233,0.5247393,52.47393,1.26056168585452
"M-1.5-R08-D7","Bran/grass",1.5,8,7,2.018,0.233,0.470194,47.0194,1.40972162906264
"M-1.5-R10-D7","Bran/grass",1.5,10,7,2.0135,0.233,0.4691455,46.91455,1.47822067100842
"B-1.5-R01-D7","Brewery",1.5,1,7,2.2753,0.2639,0.60045167,60.045167,1.13876950523164
"B-1.5-R02-D7","Brewery",1.5,2,7,2.1774,0.2639,0.57461586,57.461586,1.61649292262108
"B-1.5-R03-D7","Brewery",1.5,3,7,2.1951,0.2639,0.57928689,57.928689,1.05731045958207
"B-1.5-R05-D7","Brewery",1.5,5,7,2.1664,0.2639,0.57171296,57.171296,1.55175017006704
"B-1.5-R06-D7","Brewery",1.5,6,7,2.1391,0.2639,0.56450849,56.450849,1.24732608969408
"B-1.5-R07-D7","Brewery",1.5,7,7,2.0733,0.2639,0.54714387,54.714387,1.28943983826667
"B-1.5-R09-D7","Brewery",1.5,9,7,2.1276,0.2639,0.56147364,56.147364,1.51037908947803
"S-1.5-R01-D7","Sludge",1.5,1,7,1.9645,0.2322,0.4561569,45.61569,1.19954301058668
"S-1.5-R02-D7","Sludge",1.5,2,7,2.0667,0.2322,0.47988774,47.988774,1.49104824716815
"S-1.5-R03-D7","Sludge",1.5,3,7,2.0582,0.2322,0.47791404,47.791404,1.39556082965518
"S-1.5-R04-D7","Sludge",1.5,4,7,1.9835,0.2322,0.4605687,46.05687,0.924827439118506
"S-1.5-R05-D7","Sludge",1.5,5,7,1.9031,0.2322,0.44189982,44.189982,1.03570508472486
"S-1.5-R06-D7","Sludge",1.5,6,7,2.0108,0.2322,0.46690776,46.690776,1.41835984197046
"S-1.5-R07-D7","Sludge",1.5,7,7,1.9902,0.2322,0.46212444,46.212444,1.57516658106732
"S-1.5-R08-D7","Sludge",1.5,8,7,1.9974,0.2322,0.46379628,46.379628,1.47250660143829
"S-1.5-R09-D7","Sludge",1.5,9,7,1.9501,0.2322,0.45281322,45.281322,1.26459177814131
"S-1.5-R10-D7","Sludge",1.5,10,7,1.9085,0.2322,0.4431537,44.31537,1.1499685805118
"M-0.5-R01-D8","Bran/grass",0.5,1,8,2.4957,0.268,0.6688476,66.88476,0.913775497186126
"M-0.5-R02-D8","Bran/grass",0.5,2,8,2.4602,0.268,0.6593336,65.93336,1.39545791433892
"M-0.5-R04-D8","Bran/grass",0.5,4,8,2.5452,0.268,0.6821136,68.21136,2.0139644135107
"M-0.5-R05-D8","Bran/grass",0.5,5,8,2.4265,0.268,0.650302,65.0302,1.15174544584709
"M-0.5-R06-D8","Bran/grass",0.5,6,8,2.4836,0.268,0.6656048,66.56048,1.63250094241592
"M-0.5-R07-D8","Bran/grass",0.5,7,8,2.3478,0.268,0.6292104,62.92104,0.823823979135159
"M-0.5-R08-D8","Bran/grass",0.5,8,8,2.4365,0.268,0.652982,65.2982,1.00187865880634
"M-0.5-R09-D8","Bran/grass",0.5,9,8,2.4166,0.268,0.6476488,64.76488,1.13869542784242
"M-0.5-R10-D8","Bran/grass",0.5,10,8,2.5225,0.268,0.67603,67.603,1.13669167052481
"B-0.5-R01-D8","Brewery",0.5,1,8,2.4199,0.289,0.6993511,69.93511,2.68330711338827
"B-0.5-R02-D8","Brewery",0.5,2,8,2.4644,0.289,0.7122116,71.22116,2.32619770363284
"B-0.5-R03-D8","Brewery",0.5,3,8,2.5139,0.289,0.7265171,72.65171,1.82292370443532
"B-0.5-R04-D8","Brewery",0.5,4,8,2.5143,0.289,0.7266327,72.66327,2.76160356492484
"B-0.5-R05-D8","Brewery",0.5,5,8,2.5648,0.289,0.7412272,74.12272,1.74485029887754
"B-0.5-R06-D8","Brewery",0.5,6,8,2.2351,0.289,0.6459439,64.59439,2.01307040134986
"B-0.5-R07-D8","Brewery",0.5,7,8,2.6004,0.289,0.7515156,75.15156,2.11880699301416
"B-0.5-R08-D8","Brewery",0.5,8,8,2.6106,0.289,0.7544634,75.44634,1.96046811527103
"B-0.5-R09-D8","Brewery",0.5,9,8,2.4474,0.289,0.7072986,70.72986,2.16083287755794
"B-0.5-R10-D8","Brewery",0.5,10,8,2.51,0.289,0.72539,72.539,2.2488574246119
"S-0.5-R01-D8","Sludge",0.5,1,8,2.2733,0.2408,0.54741064,54.741064,2.14055763243721
"S-0.5-R02-D8","Sludge",0.5,2,8,2.1454,0.2408,0.51661232,51.661232,1.8054694424725
"S-0.5-R03-D8","Sludge",0.5,3,8,2.1304,0.2408,0.51300032,51.300032,1.95339280430465
"S-0.5-R04-D8","Sludge",0.5,4,8,2.0397,0.2408,0.49115976,49.115976,1.14354759200387
"S-0.5-R05-D8","Sludge",0.5,5,8,2.0163,0.2408,0.48552504,48.552504,1.39561331522576
"S-0.5-R06-D8","Sludge",0.5,6,8,2.1023,0.2408,0.50623384,50.623384,2.45978213422225
"S-0.5-R07-D8","Sludge",0.5,7,8,1.9115,0.2408,0.4602892,46.02892,2.04079940430265
"S-0.5-R08-D8","Sludge",0.5,8,8,2.0708,0.2408,0.49864864,49.864864,1.18658449643507
"S-0.5-R09-D8","Sludge",0.5,9,8,2.136,0.2408,0.5143488,51.43488,1.44852640307831
"S-0.5-R10-D8","Sludge",0.5,10,8,2.0304,0.2408,0.48892032,48.892032,1.24104428017325
"M-1.5-R02-D8","Bran/grass",1.5,2,8,1.992,0.2334,0.4649328,46.49328,0.93848972293383
"M-1.5-R07-D8","Bran/grass",1.5,7,8,2.155,0.2334,0.502977,50.2977,1.26817727501877
"B-1.5-R01-D8","Brewery",1.5,1,8,2.1581,0.27,0.582687,58.2687,1.32670673374698
"B-1.5-R03-D8","Brewery",1.5,3,8,2.0921,0.27,0.564867,56.4867,0.853748705206958
"B-1.5-R06-D8","Brewery",1.5,6,8,2.0923,0.27,0.564921,56.4921,0.591430179943825
"S-1.5-R01-D8","Sludge",1.5,1,8,2.0017,0.2353,0.47100001,47.100001,0.970816763891909
"S-1.5-R03-D8","Sludge",1.5,3,8,1.9568,0.2353,0.46043504,46.043504,1.33529583217582
"S-1.5-R05-D8","Sludge",1.5,5,8,1.9037,0.2353,0.44794061,44.794061,1.03147064415573
"S-1.5-R07-D8","Sludge",1.5,7,8,1.9826,0.2353,0.46650578,46.650578,1.29442539893207
"S-1.5-R08-D8","Sludge",1.5,8,8,2.109,0.2353,0.4962477,49.62477,0.797360122226027
"M-0.5-R02-D9","Bran/grass",0.5,2,9,2.3818,0.2748,0.65451864,65.451864,0.771694600039095
"M-0.5-R04-D9","Bran/grass",0.5,4,9,2.4008,0.2748,0.65973984,65.973984,1.27358158502834
"M-0.5-R07-D9","Bran/grass",0.5,7,9,2.2749,0.2748,0.62514252,62.514252,0.458322635060755
"M-0.5-R08-D9","Bran/grass",0.5,8,9,2.301,0.2748,0.6323148,63.23148,0.629954959515211
"M-0.5-R10-D9","Bran/grass",0.5,10,9,2.4332,0.2748,0.66864336,66.864336,0.818075136475405
"B-0.5-R01-D9","Brewery",0.5,1,9,2.5044,0.2993,0.74956692,74.956692,1.83681888659115
"B-0.5-R02-D9","Brewery",0.5,2,9,2.4763,0.2993,0.74115659,74.115659,1.24041476876859
"B-0.5-R04-D9","Brewery",0.5,4,9,2.519,0.2993,0.7539367,75.39367,1.68447076885089
"B-0.5-R05-D9","Brewery",0.5,5,9,2.5827,0.2993,0.77300211,77.300211,1.30368160663395
"B-0.5-R06-D9","Brewery",0.5,6,9,2.489,0.2993,0.7449577,74.49577,1.80997316501538
"B-0.5-R07-D9","Brewery",0.5,7,9,2.5344,0.2993,0.75854592,75.854592,0.976115124129346
"B-0.5-R09-D9","Brewery",0.5,9,9,2.4484,0.2993,0.73280612,73.280612,0.977946907414837
"B-0.5-R10-D9","Brewery",0.5,10,9,2.4067,0.2993,0.72032531,72.032531,0.99822994084179
"S-0.5-R01-D9","Sludge",0.5,1,9,2.2726,0.2442,0.55496892,55.496892,1.64306092780641
"S-0.5-R02-D9","Sludge",0.5,2,9,2.1603,0.2442,0.52754526,52.754526,1.40960050865767
"S-0.5-R03-D9","Sludge",0.5,3,9,2.1541,0.2442,0.52603122,52.603122,0.916313529841456
"S-0.5-R04-D9","Sludge",0.5,4,9,2.0349,0.2442,0.49692258,49.692258,1.04141026533741
"S-0.5-R05-D9","Sludge",0.5,5,9,2.0435,0.2442,0.4990227,49.90227,1.29251241622685
"S-0.5-R06-D9","Sludge",0.5,6,9,2.1835,0.2442,0.5332107,53.32107,1.69706427893866
"S-0.5-R07-D9","Sludge",0.5,7,9,1.9357,0.2442,0.47269794,47.269794,0.967423168204777
"S-0.5-R08-D9","Sludge",0.5,8,9,2.1076,0.2442,0.51467592,51.467592,1.00374151712501
"S-0.5-R09-D9","Sludge",0.5,9,9,2.1477,0.2442,0.52446834,52.446834,1.00913590254843
"S-0.5-R10-D9","Sludge",0.5,10,9,2.0066,0.2442,0.49001172,49.001172,1.15358535633816
"S-1.5-R01-D9","Sludge",1.5,1,9,1.9365,0.2384,0.4616616,46.16616,0.837725339259413
"S-1.5-R05-D9","Sludge",1.5,5,9,1.809,0.2384,0.4312656,43.12656,0.74844934226367
"S-1.5-R08-D9","Sludge",1.5,8,9,1.9375,0.2384,0.4619,46.19,0.937865830426883
"M-0.5-R01-D10","Bran/grass",0.5,1,10,2.2697,0.2342,0.53156374,53.156374,0.479264229760178
"B-0.5-R01-D10","Brewery",0.5,1,10,2.4948,0.3096,0.77239008,77.239008,0.821399737646224
"B-0.5-R02-D10","Brewery",0.5,2,10,2.362,0.3096,0.7312752,73.12752,0.515592326306368
"B-0.5-R04-D10","Brewery",0.5,4,10,2.5212,0.3096,0.78056352,78.056352,1.18992769715115
"B-0.5-R05-D10","Brewery",0.5,5,10,2.4953,0.3096,0.77254488,77.254488,0.801027370597859
"B-0.5-R06-D10","Brewery",0.5,6,10,2.5094,0.3096,0.77691024,77.691024,1.25133470724405
"B-0.5-R09-D10","Brewery",0.5,9,10,2.338,0.3096,0.7238448,72.38448,0.693578524645822
"S-0.5-R02-D10","Sludge",0.5,2,10,2.3002,0.2476,0.56952952,56.952952,1.25971164418655
"S-0.5-R03-D10","Sludge",0.5,3,10,2.1361,0.2476,0.52889836,52.889836,0.91739718015988
"S-0.5-R05-D10","Sludge",0.5,5,10,2.0134,0.2476,0.49851784,49.851784,0.875387226148956
"S-0.5-R06-D10","Sludge",0.5,6,10,2.1828,0.2476,0.54046128,54.046128,1.31267371400352
"S-0.5-R07-D10","Sludge",0.5,7,10,1.9535,0.2476,0.4836866,48.36866,0.699754301058678
"S-0.5-R08-D10","Sludge",0.5,8,10,2.0538,0.2476,0.50852088,50.852088,0.904569604000123
"S-0.5-R09-D10","Sludge",0.5,9,10,2.0326,0.2476,0.50327176,50.327176,0.628995043056884
"S-0.5-R10-D10","Sludge",0.5,10,10,2.0003,0.2476,0.49527428,49.527428,0.866715011574441
"B-0.5-R04-D11","Brewery",0.5,4,11,2.4447,0.3199,0.78205953,78.205953,0.68119984937807
"B-0.5-R06-D11","Brewery",0.5,6,11,2.3923,0.3199,0.76529677,76.529677,0.751740364826075
"S-0.5-R02-D11","Sludge",0.5,2,11,2.1757,0.251,0.5461007,54.61007,0.430848749652777
